sgRNA	gene_symbol	prefix	uniprot_entry
GGCCATTACTAG	PARP1	GGCCATTAC	P09874
GCCTGATCCGAG	AHR	GCCTGATCC	P35869
GGGAATCGCTCG	APEX1	GGGAATCGC	P27695
ACGGAAACTTTG	ARNT	ACGGAAACT	P27540
GTCATCGGTTAA	BMAL1	GTCATCGGT	O00327
ACGGCCAAACCC	ARRB1	ACGGCCAAA	P49407
GCAAAGTAGTCC	ATF1	GCAAAGTAG	P18846
ACTACACTCAGT	ATF3	ACTACACTC	P18847
GTTTCCACTCCG	ATF4	GTTTCCACT	P18848
GAGGAGTCGACA	ATRX	GAGGAGTCG	P46100
GACTAGACTTTC	BACH1	GACTAGACT	O14867
ACCCAGAGGCGA	BCL6	ACCCAGAGG	P41182
ACGTCTTCGATA	BID	ACGTCTTCG	P55957
GCCTGGGAATAT	BMI1	GCCTGGGAA	P35226
ACTACAGGATTC	BRCA1	ACTACAGGA	P38398
GTTCTGAACCGA	KLF9	GTTCTGAAC	Q13886
AGACCAGATCGC	KLF5	AGACCAGAT	Q13887
GTAAGAGAACGA	CASP8	GTAAGAGAA	Q14790
AATATCGGTAGA	RUNX1	AATATCGGT	Q01196
GTATGGAACACC	CD47	GTATGGAAC	Q08722
AGGAGACTCTGT	CDK1	AGGAGACTC	P06493
GACGAGCTTGGT	CDK2	GACGAGCTT	P24941
GCCTCAACTAAG	CDK3	GCCTCAACT	Q00526
GGCGAATATACG	CDK5	GGCGAATAT	Q00535
GCCTACGTAAGG	CDK7	GCCTACGTA	P50613
GGCCACGTTCCA	CDK9	GGCCACGTT	P50750
ACTGGGTGCCAT	CDX2	ACTGGGTGC	Q99626
ATGGTCAATGGG	CEBPB	ATGGTCAAT	P17676
GGACCTTTAGCA	CEBPD	GGACCTTTA	P49716
GGTAGCTGGAGA	CEBPG	GGTAGCTGG	P53567
AGCACCGCTAAT	CENPB	AGCACCGCT	P07199
GCCTAGAGAGTC	CHD1	GCCTAGAGA	O14646
ATAGCGGGATGG	CHD2	ATAGCGGGA	O14647
AAACCCTACACT	CHD3	AAACCCTAC	Q12873
GTGCAACGCAAC	FOXN3	GTGCAACGC	O00409
ATATAGGTGCGG	CHUK	ATATAGGTG	O15111
GGCTACCCTTCT	KLF6	GGCTACCCT	Q99612
GGTAAAGGTAGT	CREB1	GGTAAAGGT	P16220
ATAGACATCACC	ATF2	ATAGACATC	P15336
GTCTATATCTTG	CREBBP	GTCTATATC	Q92793
GGTAAATAGCTA	ATF6B	GGTAAATAG	Q99941
ACAGGTGCGAGA	CREBL2	ACAGGTGCG	O60519
AGCAGTCGATCA	CREM	AGCAGTCGA	Q03060
AGGCAAATCCCA	CSNK2A1	AGGCAAATC	P68400
AGCGAAGGGCGT	CTBP1	AGCGAAGGG	Q13363
ACCGCGCTTAAT	CTBP2	ACCGCGCTT	P56545
GGTCTTTAAGAG	CUX1	GGTCTTTAA	P39880
GTGTGCGGATCA	DAPK3	GTGTGCGGA	O43293
GTAAGAACGTAT	DAXX	GTAAGAACG	Q9UER7
GCACCAGCACGA	DBP	GCACCAGCA	Q10586
GATGCATAACCG	DDB2	GATGCATAA	Q92466
AAACCGCCCTTG	GADD45A	AAACCGCCC	P24522
GTTACCTTATCC	DNMT3A	GTTACCTTA	Q9Y6K1
GTTGAAGTCGCT	ATN1	GTTGAAGTC	P54259
AATCCAAACTGC	E2F1	AATCCAAAC	Q01094
ACCAGATGAATT	E2F3	ACCAGATGA	O00716
GCTCTCTCTCCT	E2F4	GCTCTCTCT	Q16254
AAGGGTATGCTT	E2F5	AAGGGTATG	Q15329
GTAGCTTACTTC	E2F6	GTAGCTTAC	O75461
GGATCACACCTC	E4F1	GGATCACAC	Q66K89
GCGTGCATCATT	PHC1	GCGTGCATC	P78364
GATCCCTCGTTC	PHC2	GATCCCTCG	Q8IXK0
GTTTGATGTACC	ELF1	GTTTGATGT	P32519
AAGCACGGGAGT	ELF2	AAGCACGGG	Q15723
AAGTTCGAAGCG	ELF3	AAGTTCGAA	P78545
GACTACCGCGAA	ELF4	GACTACCGC	Q99607
ACCATCTTTCCT	ELK1	ACCATCTTT	P19419
GTCCTAGGGAAT	ELK3	GTCCTAGGG	P41970
AGATCCGGTATA	ELK4	AGATCCGGT	P28324
AGATGCGCCCAA	EP300	AGATGCGCC	Q09472
GTGTACGCCCTT	EPAS1	GTGTACGCC	Q99814
ACGTAGAAACAT	NR2F6	ACGTAGAAA	P10588
AGCTAGCTCCTT	ERF	AGCTAGCTC	P50548
GAGGGATGCCCA	ESRRA	GAGGGATGC	P11474
GGAAATTGACTT	ETS1	GGAAATTGA	P14921
AGGGTCCAGCGA	ETS2	AGGGTCCAG	P15036
ACCTTTATCGGG	ETV3	ACCTTTATC	P41162
GTTAAAGCGCAG	ETV4	GTTAAAGCG	P43268
GGATAATCAAAC	ETV6	GGATAATCA	P41212
AGAATCGGCTCC	MECOM	AGAATCGGC	Q03112
ATCTCAGGTGGA	EYA3	ATCTCAGGT	Q99504
AGGAACGCCTTA	EZH1	AGGAACGCC	Q92800
AACGGTGCTATC	EZH2	AACGGTGCT	Q15910
GACACCTTGGTC	FOXC1	GACACCTTG	Q12948
GGCGTAAGACTC	FOXM1	GGCGTAAGA	Q08050
GATTCCCTTAGC	FOS	GATTCCCTT	P01100
GCTACAAATTTG	FOSB	GCTACAAAT	P53539
ATATCAACCAGC	FOSL2	ATATCAACC	P15408
GCCCTATGTGCG	GATA4	GCCCTATGT	P43694
GAGTGGGTCTCA	GATA6	GAGTGGGTC	Q92908
AATTAAGGGCTT	KAT2A	AATTAAGGG	Q92830
GAAGGGTCCAGA	GLI3	GAAGGGTCC	P10071
GCACGTGTTGCT	GLI4	GCACGTGTT	P10075
AATGACTACTGG	NR3C1	AATGACTAC	P04150
GACGAAATATCA	MSH6	GACGAAATA	P52701
GAAGCACCGGTG	GTF2I	GAAGCACCG	P78347
AGCTTACTACCC	HDAC1	AGCTTACTA	Q13547
GATAACATGTCA	HDAC2	GATAACATG	Q92769
ACGGCCGTTGCT	HDGF	ACGGCCGTT	P51858
ATTGATCCTGCG	HELLS	ATTGATCCT	Q9NRZ9
AATGGAATCGGG	HIVEP1	AATGGAATC	P15822
AGTCAAGACTTC	ZBTB48	AGTCAAGAC	P10074
GAGACAACTGGT	HLCS	GAGACAACT	P50747
AACCCGTCGCCT	HMGB1	AACCCGTCG	P09429
GGACATCTCAAC	HMGN1	GGACATCTC	P05114
AATCGCCTAAGC	FOXA1	AATCGCCTA	P55317
AAGCTAACTTTG	FOXA2	AAGCTAACT	Q9Y261
ATGCCTTATGAC	FOXA3	ATGCCTTAT	P55318
ATGGTTTCGCTC	HOXA3	ATGGTTTCG	O43365
GTCACATGCCCA	HOXB3	GTCACATGC	P14651
AGAACTCCACGT	HOXB6	AGAACTCCA	P17509
GCGGACTTCTCG	HOXB7	GCGGACTTC	P09629
GATGGCGACTAC	HOXB8	GATGGCGAC	P17481
GGAAAGCGGGAC	HOXB9	GGAAAGCGG	P17482
GATCCGCCAGGT	PRMT2	GATCCGCCA	P55345
ACAGTATACGGA	PRMT1	ACAGTATAC	Q99873
GAGGTCCTTGAA	HSF1	GAGGTCCTT	Q00613
ACTCAAGCTTCG	HSF2	ACTCAAGCT	Q03933
GACCAACCTGCT	FOXN2	GACCAACCT	P32314
AGGAATGGACCG	IRF8	AGGAATGGA	Q02556
GGCATTATTACG	SP110	GGCATTATT	Q9HB58
ATGTGGAAGTAT	RBPJ	ATGTGGAAG	Q06330
GATACATCCTGT	FOXK2	GATACATCC	Q01167
GGCAACGAACAA	ING1	GGCAACGAA	Q9UK53
GCACAAGACACG	ING2	GCACAAGAC	Q9H160
GCCCTCATCAAA	IRF1	GCCCTCATC	P10914
GCGCCAAACACC	IRF2	GCGCCAAAC	P14316
GAAATGGTAAGC	IRF3	GAAATGGTA	Q14653
ATTGCCTAAGGA	IRF4	ATTGCCTAA	Q15306
GGGCTTGACGGA	IRF5	GGGCTTGAC	Q13568
GGGACTAAACCC	IRF6	GGGACTAAA	O14896
GGTTGTTATGGC	IRF7	GGTTGTTAT	Q92985
GAGTTCTTGCTG	JAK2	GAGTTCTTG	O60674
AGCTCCACAACA	JUN	AGCTCCACA	P05412
AAATGAAGCCAC	JUNB	AAATGAAGC	P17275
ATGCTACGTAAT	JUND	ATGCTACGT	P17535
GCATCTTAAACG	LBR	GCATCTTAA	Q14739
AGTAGTGTACTA	LRP1	AGTAGTGTA	Q07954
ATGCTGCTGAAT	EPCAM	ATGCTGCTG	P16422
GTCGATCAATGA	MXD1	GTCGATCAA	Q05195
GGGCTTCTGTTA	SMAD1	GGGCTTCTG	Q15797
GTCCGAAGCCAG	SMAD3	GTCCGAAGC	P84022
ATTACGCCCATC	SMAD5	ATTACGCCC	Q99717
GAAAGCTGCCAC	MAF	GAAAGCTGC	O75444
GGCTCGTATGGC	MAFG	GGCTCGTAT	O15525
ACATGCCATCTA	MAX	ACATGCCAT	P61244
AACGGACGTTGT	MAZ	AACGGACGT	P56270
AAGAAGGGTAGT	MBD1	AAGAAGGGT	Q9UIS9
AGCCTGATTGAT	MEF2A	AGCCTGATT	Q02078
GACGCTATTAGG	MEF2D	GACGCTATT	Q14814
GACTCCTCACGC	MEIS2	GACTCCTCA	O14770
AGGAGCTTGGGA	MEN1	AGGAGCTTG	O00255
ATGGCATGCGAT	KMT2A	ATGGCATGC	Q03164
GGAAGTACAGTG	MLLT1	GGAAGTACA	Q03111
GTGCCCTTTCGC	MLLT6	GTGCCCTTT	P55198
ATTCTTAGGTCG	MNT	ATTCTTAGG	Q99583
GCTCTAAGCCCA	MOV10	GCTCTAAGC	Q9HCE1
ACGTTACTCAAG	ABCC1	ACGTTACTC	P33527
AAAGGAACTTGA	MSX2	AAAGGAACT	P35548
ATAGTCGACAAA	MXI1	ATAGTCGAC	P50539
GTGATGCCACCT	MYB	GTGATGCCA	P10242
GTGTTGACCTTA	MYBL1	GTGTTGACC	P10243
GCGACGGTAAAT	MYBL2	GCGACGGTA	P10244
GACAAGGTGCAT	MYC	GACAAGGTG	P01106
AACGTCGCCATG	GADD45B	AACGTCGCC	O75293
ACCAAGGTAAGG	MYO1C	ACCAAGGTA	O00159
AAGCGACCACGG	NAP1L1	AAGCGACCA	P55209
AGAACGCAGTTG	NAP1L4	AGAACGCAG	Q99733
AATGCTCCGAAT	NASP	AATGCTCCG	P49321
GCTTACCCAATT	NBN	GCTTACCCA	O60934
GTGCTCCGAGGT	NFIA	GTGCTCCGA	Q12857
GGCAGGATGCTC	NFE2L1	GGCAGGATG	Q14494
ATAGGCCGCATG	NFE2L2	ATAGGCCGC	Q16236
GGTATGTGCCAT	NFIC	GGTATGTGC	P08651
GTTCTGGGATTG	NFIL3	GTTCTGGGA	Q16649
ACCATGGACGGG	NFIX	ACCATGGAC	Q14938
GAACAATGCGGC	NFKB1	GAACAATGC	P19838
GTAGAGGACGGA	NFKB2	GTAGAGGAC	Q00653
GAGCCTTAGGCC	NFRKB	GAGCCTTAG	Q6P4R8
GCCCAGGATGCT	NFX1	GCCCAGGAT	Q12986
GACGCAGTGAAA	NFYA	GACGCAGTG	P23511
GAACCTAGCCGG	NME2	GAACCTAGC	P22392
GGTATACCCGAG	NPAS2	GGTATACCC	Q99743
AAATACCGTTCG	PAK2	AAATACCGT	Q13177
AATTGCTTGCCC	PBX2	AATTGCTTG	P40425
GTCCCGATGCTG	CDK17	GTCCCGATG	Q00537
GCAGGATCTTTG	PHF1	GCAGGATCT	O43189
AGGTCTATAATG	PHF2	AGGTCTATA	O75151
ACAGCGAATTCA	PIN1	ACAGCGAAT	Q13526
AACCGCAGGTGA	PITX1	AACCGCAGG	P78337
AACTTTGACCCG	PKNOX1	AACTTTGAC	P55347
GGGTTCGCATCG	PLAGL2	GGGTTCGCA	Q9UPG8
ACTGACGTGCAA	PLSCR1	ACTGACGTG	O15162
GCTGGCAAGTAT	POU6F1	GCTGGCAAG	Q14863
GCTTAATTCCAT	PPARD	GCTTAATTC	Q03181
GGAGATGCGGCT	PPARG	GGAGATGCG	P37231
AGGCAGAGTAGC	PPM1G	AGGCAGAGT	O15355
AGTTGCAGGACA	PRKAA1	AGTTGCAGG	Q13131
GTCTTCCTCGAG	PRKAB1	GTCTTCCTC	Q9Y478
GGAGAACTTCAG	PRKAB2	GGAGAACTT	O43741
ACACCAGGCGAG	PRKAG1	ACACCAGGC	P54619
ACTTTATGGAGC	PRKCD	ACTTTATGG	Q05655
AATGAACCACGG	PKN1	AATGAACCA	Q16512
AACTTGAGTTCG	THAP12	AACTTGAGT	O43422
GTACCTCGAATA	PURA	GTACCTCGA	Q00577
ACCTGTCGCTGG	PURB	ACCTGTCGC	Q96QR8
GTGAACAATTGG	RARA	GTGAACAAT	P10276
GACATGAGCGAG	RARG	GACATGAGC	P13631
GCTGTACCGAGA	ARID4A	GCTGTACCG	P29374
AGGCATTTGCAT	KDM5A	AGGCATTTG	P29375
AATCTTTCCACG	RBBP7	AATCTTTCC	Q16576
AATCAGATGGAA	REL	AATCAGATG	Q04864
GTGAGATATGTT	RELB	GTGAGATAT	Q01201
GAAATAGCTGAC	DPF2	GAAATAGCT	Q92785
ACTTCACCATGA	TRIM27	ACTTCACCA	P14373
GATCGTGCGTGA	RFX4	GATCGTGCG	Q33E94
ACCGGTTAAAGA	RFX5	ACCGGTTAA	P48382
GTCCAAATTGTA	RING1	GTCCAAATT	Q06587
ACGCGTCAGCGT	RNF2	ACGCGTCAG	Q99496
GGGTGCCAACAC	BRD2	GGGTGCCAA	P25440
ATGGTGGGTCGG	RPS6KA3	ATGGTGGGT	P51812
AGCCGACACGTG	RREB1	AGCCGACAC	Q92766
GTTATTACCATG	RXRA	GTTATTACC	P19793
GGAGTCACTGAT	RXRB	GGAGTCACT	P28702
AGGCACTATCGT	SAFB	AGGCACTAT	Q15424
GACGTATCAGCG	ATXN7	GACGTATCA	O15265
ACGAGGAGCATG	SET	ACGAGGAGC	Q01105
AACAAACACCCT	SKI	AACAAACAC	P12755
ATACGACGGAGG	SKIL	ATACGACGG	P12757
GAAAGCATTATC	SNAI2	GAAAGCATT	O43623
ATGTTGCCTTAT	HLTF	ATGTTGCCT	Q14527
AAGTGGTGAAAT	SMARCA4	AAGTGGTGA	P51532
AAACAACTCCCG	SMARCC1	AAACAACTC	Q92922
GATCGCAGCATC	SMARCC2	GATCGCAGC	Q8TAQ2
ATAAGATGCCAC	SMARCD1	ATAAGATGC	Q96GM5
ACCAATACAAAC	SMARCD2	ACCAATACA	Q92925
GCATTCAGAGGG	SMARCD3	GCATTCAGA	Q6STE5
ACTGGGCTATGC	SNAI1	ACTGGGCTA	O95863
GATTCTTTCTTC	SOX2	GATTCTTTC	P48431
AGATCTGAACTT	SOX4	AGATCTGAA	Q06945
AATTTGGTGCGT	SOX5	AATTTGGTG	P35711
AATGCCAAGAGC	SOX9	AATGCCAAG	P48436
GGTTCGCTCGAA	SP1	GGTTCGCTC	P08047
GCCGGACATTGG	SP2	GCCGGACAT	Q02086
AAGGTTAACTTC	SP3	AAGGTTAAC	Q02447
GGTGTTAGGTAA	SP100	GGTGTTAGG	P23497
GCCATGGCTTCA	SREBF1	GCCATGGCT	P36956
AAGCCCAATGGT	SREBF2	AAGCCCAAT	Q12772
GATTTGAGATTG	STAT1	GATTTGAGA	P42224
GTGTCAGGCGAG	STAT2	GTGTCAGGC	P52630
GTAACGGATGAA	STAT3	GTAACGGAT	P40763
GTATACAGTCTC	STAT4	GTATACAGT	Q14765
AACTAGGCGAGG	STAT5A	AACTAGGCG	P42229
GAGAGAGTTCCC	STAT5B	GAGAGAGTT	P51692
GAATATTCGGGA	STAT6	GAATATTCG	P42226
AGGGCTTAATCA	STK4	AGGGCTTAA	Q13043
ATTTCCATCACC	SUV39H1	ATTTCCATC	O43463
GCGCAAAGGTTC	TAF4	GCGCAAAGG	O00268
GAATCGAATAGA	TAF9	GAATCGAAT	Q16594
GTATCTCTCAGG	MAP3K7	GTATCTCTC	O43318
ATCCCATGACGG	TCF4	ATCCCATGA	P15884
GATCCTGACTGT	TCF3	GATCCTGAC	P15923
ATTACCGGGAGG	TCF7L2	ATTACCGGG	Q9NQB0
GCAGGCTGACAG	ZEB1	GCAGGCTGA	P37275
GTGAAGTTTGGT	TCF12	GTGAAGTTT	Q99081
GCTAGATGCCAC	ZNF354A	GCTAGATGC	O60765
GGAGGAGCAGAA	TCF20	GGAGGAGCA	Q9UGU0
GGGATCTCTCAA	MLX	GGGATCTCT	Q9UH92
AGTTCTGCTGCC	TDG	AGTTCTGCT	Q13569
GAACCAATACGA	TEAD1	GAACCAATA	P28347
AATCGGTAGTGC	TEAD4	AATCGGTAG	Q15561
ACCTACTATTCC	TEAD3	ACCTACTAT	Q99594
ACAACTCACCAA	TFAP2A	ACAACTCAC	P05549
AAGCCAGTTGTC	TFAP4	AAGCCAGTT	Q01664
AGTTTAGTCCCA	TFCP2	AGTTTAGTC	Q12800
GCGGCTAGTTGA	NR2F1	GCGGCTAGT	P10589
GCACGCCTACCT	TFDP2	GCACGCCTA	Q14188
GGTGATATTTGG	TFE3	GGTGATATT	P19532
GCGGTAAATCTA	TGIF1	GCGGTAAAT	Q15583
GCGTAAACATTC	THRA	GCGTAAACA	P10827
GGCACAATAGGG	KLF10	GGCACAATA	Q13118
ATGACTTTCCAC	TLE1	ATGACTTTC	Q04724
GCTCAGCAGCCA	TMF1	GCTCAGCAG	P82094
GGTAGTTTCGAA	TP53BP1	GGTAGTTTC	Q12888
GGTGGACGACCA	NR2C1	GGTGGACGA	P13056
GCGCATCCAATC	NR2C2	GCGCATCCA	P49116
AGATGATGTGTT	TWIST1	AGATGATGT	Q15672
GCCAAATCAAAC	UBE2A	GCCAAATCA	P49459
GTGACTAGCTTG	UBE2B	GTGACTAGC	P63146
GGAACTCATAGT	UBE2D1	GGAACTCAT	P51668
ATATCGTGCAAA	UBE2E1	ATATCGTGC	P51965
GAAGGACACATT	UBE2H	GAAGGACAC	P62256
AAGAACTGAGTG	UBP1	AAGAACTGA	Q9NZI7
AATTGCCGCAAC	NR1H2	AATTGCCGC	P55055
AGTTATTGCGTG	USF1	AGTTATTGC	P22415
GGTAAGCTTGAA	USF2	GGTAAGCTT	Q15853
GAGCCTGCTTAC	KDM6A	GAGCCTGCT	O15550
GCTTCAATGGGA	VDR	GCTTCAATG	P11473
GGGTCTGATCTC	XBP1	GGGTCTGAT	P17861
GACCTTCTCCGC	XPA	GACCTTCTC	P23025
ACACGGCCTGCT	YWHAB	ACACGGCCT	P31946
ACCAGCCGTTGT	YWHAE	ACCAGCCGT	P62258
AAGGCCTGGTGG	ZBTB14	AAGGCCTGG	O43829
GACTACTTTCTA	ZFX	GACTACTTT	P17010
GTTTCCTGGTTG	ZIC1	GTTTCCTGG	Q15915
GTAGGGCAGCGA	ZNF3	GTAGGGCAG	P17036
AAAGAGAGTCGC	ZNF7	AAAGAGAGT	P17097
ACTCTGACACAT	ZNF12	ACTCTGACA	P17014
GTAGCAGTAACC	ZNF19	GTAGCAGTA	P17023
GCTTGGCGACTC	ZNF22	GCTTGGCGA	P17026
AGTTAACCTGGA	ZNF23	AGTTAACCT	P17027
GACATACAGCGG	ZNF24	GACATACAG	P17028
GTAAGCGTCGGT	ZNF33A	GTAAGCGTC	Q06730
ATCTCGCCGCCT	ZNF33B	ATCTCGCCG	Q06732
ACGCCCTCTAGA	ZKSCAN1	ACGCCCTCT	P17029
GGAAGTCTGGAG	ZSCAN21	GGAAGTCTG	Q9Y5A6
AGACCCTTTGGG	MZF1	AGACCCTTT	P28698
GTAAAGAGCCTA	ZNF45	GTAAAGAGC	Q02386
AGGTGCTGCATT	ZNF75A	AGGTGCTGC	Q96N20
GCTCCGGAAGAT	ZNF76	GCTCCGGAA	P36508
GCGATTCATAAA	ZNF84	GCGATTCAT	P51523
GCCTCGGTTGTC	ZNF121	GCCTCGGTT	P58317
GCTGAGAACTAC	ZNF133	GCTGAGAAC	P52736
AGAATAACCGAT	ZNF134	AGAATAACC	P52741
AAGTGCGCGAAG	ZNF140	AAGTGCGCG	P52738
GCCTAGCACTCC	ZNF143	GCCTAGCAC	P52747
ATAACGAACAGA	PCGF2	ATAACGAAC	P35227
GCGTGTGTGATG	ZNF148	GCGTGTGTG	Q9UQR1
GCTGCAGCTTGC	VEZF1	GCTGCAGCT	Q14119
GGCAGATACAGT	ZNF174	GGCAGATAC	Q15697
GGTCGGTGAGCA	ZNF189	GGTCGGTGA	O75820
GATCCAAGGCTG	ZKSCAN8	GATCCAAGG	Q15776
ACGACAGCTATA	ZSCAN9	ACGACAGCT	O15535
AATGTAGACACT	ZNF195	AATGTAGAC	O14628
GTGGTCATCTTG	ZMYM2	GTGGTCATC	Q9UBW7
AGCATTTACATC	ZNF200	AGCATTTAC	P98182
AAGTTGTCGCGC	ZNF202	AAGTTGTCG	O95125
ACTGTGCGTTAG	ZNF205	ACTGTGCGT	O95201
ACGACTAATTCT	ZNF217	ACGACTAAT	O75362
AACTGATCACAG	ZNF224	AACTGATCA	Q9NZL3
ACGCCAACGGAG	ZNF226	ACGCCAACG	Q9NYT6
ACCGAACAACAA	ZNF227	ACCGAACAA	Q86WZ6
GTTCCAGGTAAC	ZNF230	GTTCCAGGT	Q9UIE0
GCCCAATAGGCG	ZXDA	GCCCAATAG	P98168
GCCTCTCGATGG	PRDM2	GCCTCTCGA	Q13029
ACGCGGATGGAA	BRPF1	ACGCGGATG	P55201
ACTGCTCAAATC	MAPKAPK3	ACTGCTCAA	Q16644
AACGGATACAGA	DEK	AACGGATAC	P35659
AAACGCTCTCGC	MAFK	AAACGCTCT	O60675
AAGGTGGAGAAC	MTERF1	AAGGTGGAG	Q99551
AGTAACTGTCAC	ZNF212	AGTAACTGT	Q9UDV6
ACTAATCCCGCC	KAT6A	ACTAATCCC	Q92794
ATGTACCTCGCC	BRD3	ATGTACCTC	Q15059
ATTCCCACGAAA	MLLT10	ATTCCCACG	P55197
AATTACGTCACC	FOSL1	AATTACGTC	P15407
AAGATCCGCACT	CUL5	AAGATCCGC	Q93034
GCTTGCTACCTG	KMT2D	GCTTGCTAC	O14686
AAATCCTGATGG	HMGA2	AAATCCTGA	P52926
GGGCGATGTCCA	ANP32A	GGGCGATGT	P39687
ACTGGCCACTAG	NCOA3	ACTGGCCAC	Q9Y6Q9
ACAAAGTGACAG	USP11	ACAAAGTGA	P51784
AGGTCGCACTTG	KDM5C	AGGTCGCAC	P41229
GAGCATCTTGAA	ARID1A	GAGCATCTT	O14497
GGGCAGTAAACT	BAP1	GGGCAGTAA	Q92560
GTCGGGTATGTT	EOMES	GTCGGGTAT	O95936
GGTGTAGATCCG	SPOP	GGTGTAGAT	O43791
ACGTTGTACTAG	ZNF282	ACGTTGTAC	Q9UDV7
GACAAGTATGAA	RAD54L	GACAAGTAT	Q92698
GTCGTGTGCTCC	CUL4B	GTCGTGTGC	Q13620
GGTGCGAATCTG	CUL4A	GGTGCGAAT	Q13619
AGCCTACCGGAG	KLF11	AGCCTACCG	O14901
ACGGCTCTCCCA	TEAD2	ACGGCTCTC	Q15562
GCCCGTATACAA	SUPT3H	GCCCGTATA	O75486
AAGGTGCCCAGC	HIRIP3	AAGGTGCCC	Q9BW71
GCGTACTGAGAT	HAT1	GCGTACTGA	O14929
GTACATAACTTG	YBX3	GTACATAAC	P16989
GTTATTGGGTGT	CBX4	GTTATTGGG	O00257
AAAGCCGGCTCT	CGGBP1	AAAGCCGGC	Q9UFW8
GCTGCTGAGCGA	BHLHE40	GCTGCTGAG	O14503
GACCCATACCTG	KLF7	GACCCATAC	O75840
GCGCAATCTAGC	TP63	GCGCAATCT	Q9H3D4
AAGCAATACAGG	JRK	AAGCAATAC	O75564
GGATGCTTACTC	JRKL	GGATGCTTA	Q9Y4A0
AACCACACTGAG	EED	AACCACACT	O75530
GTGCGGTCTGTC	TRIM24	GTGCGGTCT	O15164
AGGGTCTTTGGA	SAP30	AGGGTCTTT	O75446
GGCGATTTACGA	TSC22D1	GGCGATTTA	Q15714
AAACTCCCGTTC	MBD4	AAACTCCCG	O95243
GGTATCAAACCT	MBD2	GGTATCAAA	Q9UBB5
ACGTCCGCAGCA	RPS6KA4	ACGTCCGCA	O75676
GTGGCTACGCGT	BAZ1B	GTGGCTACG	Q9UIG0
GATATCTACTTC	ASH2L	GATATCTAC	Q9UBL3
ATTACAGACCCT	MTA1	ATTACAGAC	Q13330
AATTCACAGGGA	ZBED1	AATTCACAG	O96006
ACGTCATGACAA	ZMYM3	ACGTCATGA	Q14202
GGAAACACCGAT	MTA2	GGAAACACC	O94776
GGCAACAGTCAC	ZBTB22	GGCAACAGT	O15209
AGAACGATTGCG	KLF4	AGAACGATT	O43474
AGTACCATGTGG	HMGN3	AGTACCATG	Q15651
GTATTGCTTAGT	CDYL	GTATTGCTT	Q9Y232
GATCAAACAGTT	TBPL1	GATCAAACA	P62380
ACTAGTAGACAT	CIR1	ACTAGTAGA	Q86X95
ACTCCTAGCAAT	GTF2IRD1	ACTCCTAGC	Q9UHL9
AACAAAGCTTAG	CLOCK	AACAAAGCT	O15516
GGGAGGACTGAA	SOX13	GGGAGGACT	Q9UN79
ATATCACGACAG	APOBEC3B	ATATCACGA	Q9UH17
GTCGGAGCTTGG	NFE2L3	GTCGGAGCT	Q9Y4A8
GCCCAACGACGT	NCOR1	GCCCAACGA	O75376
ACTATACCTACG	NCOR2	ACTATACCT	Q9Y618
GATCGATTTGTT	ZNF592	GATCGATTT	Q92610
AAATGGATGATG	MORF4L2	AAATGGATG	Q15014
GGCATAGGCACA	MDC1	GGCATAGGC	Q14676
GATGTTGTTCAC	DZIP3	GATGTTGTT	Q86Y13
GTCTAATGAAAC	SAFB2	GTCTAATGA	Q14151
AGGGAATGTCTT	PHF14	AGGGAATGT	O94880
ACTCGAGAAGAA	KDM4A	ACTCGAGAA	O75164
AGGTAAGAGCTC	ZNF646	AGGTAAGAG	O15015
GATTTCTGTCCT	HDAC9	GATTTCTGT	Q9UKV0
ACGCGATTCAAT	KMT2B	ACGCGATTC	Q9UMN6
GGAGAGGGTACT	RNF40	GGAGAGGGT	O75150
AGAGATTACGGT	KEAP1	AGAGATTAC	Q14145
ATCTATCCACGA	ZNF623	ATCTATCCA	O75123
GCAATTGCGATA	ZEB2	GCAATTGCG	O60315
GAGATTCTAAGA	SETDB1	GAGATTCTA	Q15047
GCTGGCTTTGTA	TLK1	GCTGGCTTT	Q9UKI8
ATTTGGGTCAGT	ZBED4	ATTTGGGTC	O75132
AACCTAGGTGAA	SGSM2	AACCTAGGT	O43147
AGTTTCTCCATA	SUPT7L	AGTTTCTCC	O94864
ACTGCAAGGGAC	ZBTB5	ACTGCAAGG	O15062
ACGTACCCGGCA	MAFB	ACGTACCCG	Q9Y5Q3
AGATCACTTGGC	USP15	AGATCACTT	Q9Y4E8
GGTATGGAGTAA	USP3	GGTATGGAG	Q9Y6I4
AAAGTGCATACC	NR1D2	AAAGTGCAT	Q14995
GAAACAGGCCGC	DMTF1	GAAACAGGC	Q9Y222
GCATACGGGAGG	ZBTB33	GCATACGGG	Q86T24
ACTCACCTTGAA	HDAC5	ACTCACCTT	Q9UQL6
GGCTCCATTGCC	PARP2	GGCTCCATT	Q9UGN5
AGGACTACCTCT	PARP3	AGGACTACC	Q9Y6F1
GAATTACGGCCG	NR1H3	GAATTACGG	Q13133
ACACCCATCGCT	ZNF263	ACACCCATC	O14978
AGTCACGCGCGT	YAF2	AGTCACGCG	Q8IY57
GCTAGGCCTGTT	MBNL2	GCTAGGCCT	Q5VZF2
ATCGGTGACAGG	TRIM28	ATCGGTGAC	Q13263
GTACAGCAATGC	PRMT3	GTACAGCAA	O60678
GGCTATCAGCAT	TOPORS	GGCTATCAG	Q9NS56
ACGAGTCTATGA	AKAP8	ACGAGTCTA	O43823
GACATTGAATCA	ZNF267	GACATTGAA	Q14586
GAGGGTTATCGG	PCGF3	GAGGGTTAT	Q3KNV8
GAATTCGACCAT	HMG20B	GAATTCGAC	Q9P0W2
GTATAGTGGTAG	HMG20A	GTATAGTGG	Q9NP66
ATGACGCTACCG	KLF2	ATGACGCTA	Q9Y5W3
AACCGGGCATCT	IRF9	AACCGGGCA	Q00978
ATCACGTCAAAT	ZNHIT1	ATCACGTCA	O43257
GTCCTTCCAAAG	ZBTB18	GTCCTTCCA	Q99592
GGAACCTCGTAA	HMGN4	GGAACCTCG	O00479
ACGTAGGTCCGA	TADA3	ACGTAGGTC	O75528
ATTATACGCTCC	CREB3	ATTATACGC	O43889
AGCGGAAGCTAG	CARM1	AGCGGAAGC	Q86X55
GCGAAACGTCAA	NCOA2	GCGAAACGT	Q15596
AGGTGAACCCGG	ZNF211	AGGTGAACC	Q13398
ACATGCACGAGG	DEAF1	ACATGCACG	O75398
GGGAAAGCAGTG	BATF	GGGAAAGCA	Q16520
ATGCCCAGCGCT	ANP32B	ATGCCCAGC	Q92688
AAGTGACTGGAG	DRAP1	AAGTGACTG	Q14919
ATCGCACTCTTC	USP16	ATCGCACTC	Q9Y5T5
GAGCGAATCCGA	MXD4	GAGCGAATC	Q14582
ATTCCCGTACTT	RBCK1	ATTCCCGTA	Q9BYM8
ATTACATCGGTG	TRIM16	ATTACATCG	O95361
ACTCGGAGTCAC	TAF6L	ACTCGGAGT	Q9Y6J9
ATTGCGACACGC	KLF1	ATTGCGACA	Q13351
AAATACTCCGCC	NFAT5	AAATACTCC	O94916
ACGGTAATGTGC	TCFL5	ACGGTAATG	Q9UL49
GTGCCTCACAAA	RAI1	GTGCCTCAC	Q7Z5J4
GAGTCGACACAC	KDM5B	GAGTCGACA	Q9UGL1
GTGGACCACCAT	ZMYND11	GTGGACCAC	Q15326
GGATGTATCCCA	ZBTB6	GGATGTATC	Q15916
AGAAAGGATCGT	ZNF266	AGAAAGGAT	Q14584
GATTAGCAACCT	ZNF274	GATTAGCAA	Q96GC6
AATTCTACCATC	NEK6	AATTCTACC	Q9HC98
GTTGTAACTACG	ZNF268	GTTGTAACT	Q14587
GGGCCTATCATA	BRD8	GGGCCTATC	Q9H0E9
AAGAGGCAGCCG	TRAFD1	AAGAGGCAG	O14545
ACTGACTCTAAG	EHMT2	ACTGACTCT	Q96KQ7
AGACGAAAGCAT	MORF4L1	AGACGAAAG	Q9UBU8
GGCGTACTCTCA	MSL3	GGCGTACTC	Q8N5Y2
GCGGATGTTGTT	CBX1	GCGGATGTT	P83916
ACGTGTGAACTA	ATF7	ACGTGTGAA	P17544
GTCTTACGTGAT	TDRKH	GTCTTACGT	Q9Y2W6
GGAATTGGTAAA	PRDM4	GGAATTGGT	Q9UKN5
GATCTAGTCTCT	CIT	GATCTAGTC	O14578
GGCAAGTTCCAG	KAT7	GGCAAGTTC	O95251
AGTGGTAGTAGT	PSIP1	AGTGGTAGT	O75475
ACCCGTCCACGT	BAZ2A	ACCCGTCCA	Q9UIF9
ATCGACTTACCT	BAZ1A	ATCGACTTA	Q9NRL2
AACAGACTATGA	ZNF277	AACAGACTA	Q9NRM2
ACCCAGTCTGGG	ZHX1	ACCCAGTCT	Q9UKY1
GATGTTACATGG	KLF12	GATGTTACA	Q9Y4X4
GTAGCGAAAGGA	KLF8	GTAGCGAAA	O95600
GAGGTTGCCGAG	CBX3	GAGGTTGCC	Q13185
ATCACGGTGAGT	TFEC	ATCACGGTG	O14948
ATGTCATAGCTT	ATF5	ATGTCATAG	Q9Y2D1
GAAGACTTAGAA	MTF2	GAAGACTTA	Q9Y483
GACACGAAGCAA	ZNF652	GACACGAAG	Q9Y2D9
GTACTATTGAGC	ZNF507	GTACTATTG	Q8TCN5
GTAGTCCATGCT	ADNP2	GTAGTCCAT	Q6IQ32
GTGTTAAAGTCG	MLXIP	GTGTTAAAG	Q9HAP2
GGCTCAGGAATT	FOXJ3	GGCTCAGGA	Q9UPW0
GACAGCGTATAC	ZBTB1	GACAGCGTA	Q9Y2K1
ACCACAAGCCTT	BAHD1	ACCACAAGC	Q8TBE0
GCCGCTTATATA	ATF6	GCCGCTTAT	P18850
AGCGTATAAATG	SIRT2	AGCGTATAA	Q8IXJ6
AGGCGTGTTTGT	SCMH1	AGGCGTGTT	Q96GD3
GGTACCGTCAGG	PAXIP1	GGTACCGTC	Q6ZW49
GGGCACAACCTT	SPEN	GGGCACAAC	Q96T58
AGGGTTGGCGCT	NCOA6	AGGGTTGGC	Q14686
AGCCCAGTGGTC	ZNF609	AGCCCAGTG	O15014
ACTAGAATGTGG	KDM4C	ACTAGAATG	Q9H3R0
ATTAGAGGTCCC	ZBTB43	ATTAGAGGT	O43298
ATCTGTACGATT	CAMTA2	ATCTGTACG	O94983
GAGGAATTTGCT	POGZ	GAGGAATTT	Q7Z3K3
GTGGTTTAATCC	PHF8	GTGGTTTAA	Q9UPP1
AACAGGAAATCC	KDM6B	AACAGGAAA	O15054
GCATGAAATCTA	CIC	GCATGAAAT	Q96RK0
GATTTAACCGCT	RCOR1	GATTTAACC	Q9UKL0
ACACCACTGGGC	GSE1	ACACCACTG	Q14687
GGGAATGAGTGC	JMJD6	GGGAATGAG	Q6NYC1
GTGTCAATTTCG	CAMTA1	GTGTCAATT	Q9Y6Y1
ATTCAAAGCGAC	MGA	ATTCAAAGC	Q8IWI9
ATCCTCGTCACC	ATMIN	ATCCTCGTC	O43313
GAGAGCAGGAAG	UBR2	GAGAGCAGG	Q8IWV8
GAAACGTAAGCT	SIN3B	GAAACGTAA	O75182
ATGTAGCGACAG	JADE2	ATGTAGCGA	Q9NQC1
GTGAAACTGGAG	ZNF629	GTGAAACTG	Q9UEG4
GTGAGCCGTGGT	RRP8	GTGAGCCGT	O43159
AGAAATCGTGGC	SIRT1	AGAAATCGT	Q96EB6
AAGCTCATGGAA	TDRD7	AAGCTCATG	Q8NHU6
AGATAGTCTGCA	CBX6	AGATAGTCT	O95503
GCCCTTGGATCC	CBX5	GCCCTTGGA	P45973
AAACAGTCACCT	BRD4	AAACAGTCA	O60885
ACGCATCGCCAA	CBX7	ACGCATCGC	O95931
GGTTTATCTGGC	SUZ12	GGTTTATCT	Q15022
AAGTCCTTTGCT	ZNF281	AAGTCCTTT	Q9Y2X9
GCGGCATTGCGA	ZNF346	GCGGCATTG	Q9UL40
GTGCATATGTTC	PATZ1	GTGCATATG	Q9HBE1
GAGAGTTGAGGC	ZMYND8	GAGAGTTGA	Q9ULU4
GCAGATATACCC	ZKSCAN5	GCAGATATA	Q9Y2L8
GCGGGTCAAATA	EID1	GCGGGTCAA	Q9Y6B2
GGATCTAGATGT	MAFF	GGATCTAGA	Q9ULX9
GATGGACCTTTC	BRD1	GATGGACCT	O95696
GTAGGTGGGACG	RAD54B	GTAGGTGGG	Q9Y620
ATGGAACTTGTG	ASF1A	ATGGAACTT	Q9Y294
GTTACTTCTGAT	BRMS1	GTTACTTCT	Q9HCU9
ACGCCTGACCTA	ZNF473	ACGCCTGAC	Q8WTR7
GAGAATATCCAT	ZNF451	GAGAATATC	Q9Y4E5
ATCACCCGCCTA	SS18L1	ATCACCCGC	O75177
GAACGATCGTCA	CHTOP	GAACGATCG	Q9Y3Y2
GGTGGATCCCTG	EPC2	GGTGGATCC	Q52LR7
GAAGATCATAGT	PHF19	GAAGATCAT	Q5T6S3
GAACACTATCCT	ZNF337	GAACACTAT	Q9Y3M9
AATACGGCATAG	SENP3	AATACGGCA	Q9H4L4
GGTGACACGTGC	GMEB2	GGTGACACG	Q9UKD1
GCAGGTAGCGCA	EHF	GCAGGTAGC	Q9NZC4
AAGGAAGCGCCG	HBP1	AAGGAAGCG	O60381
ACTTTCAGCGCT	AKAP8L	ACTTTCAGC	Q9ULX6
GGTACGCGAATC	FOXP1	GGTACGCGA	Q9H334
GCGGTGAGACAG	TAF5L	GCGGTGAGA	O75529
GCCGGATTACAC	ZNF777	GCCGGATTA	Q9ULD5
ACCTCGTGTGGC	BRPF3	ACCTCGTGT	Q9ULD4
GGCCAACTGACA	ZNF544	GGCCAACTG	Q6NX49
AACGCGGTCTCT	APOBEC3C	AACGCGGTC	Q9NRW3
GTTCCTAAGACA	KLF15	GTTCCTAAG	Q9UIH9
GTGAGCACCAAA	ATAD2	GTGAGCACC	Q6PL18
AGATCGACGTAG	ZBTB44	AGATCGACG	Q8NCP5
GAAGGCCGTTTA	SETD2	GAAGGCCGT	Q9BYW2
GATGTGTGGAGA	BABAM1	GATGTGTGG	Q9NWV8
ACATCATTCAGC	THYN1	ACATCATTC	Q9P016
GCTGATTAAGAC	UBE2T	GCTGATTAA	Q9NPD8
GCTTATAGTCTT	BRD7	GCTTATAGT	Q9NPI1
GGATGGGTTTCG	UHRF1	GGATGGGTT	Q96T88
ACTAGCGGCGAC	REPIN1	ACTAGCGGC	Q9BWE0
GGTGAGTTGCTG	GRHL1	GGTGAGTTG	Q9NZI5
ACAAACATGACG	SENP1	ACAAACATG	Q9P0U3
GCTACTGCCGAA	TFPT	GCTACTGCC	P0C1Z6
GTTGGTATAGAT	UBN1	GTTGGTATA	Q9NPG3
AGTCTCAAGATT	PADI1	AGTCTCAAG	Q9ULC6
ACATGAGGGTAC	BAZ2B	ACATGAGGG	Q9UIF8
AAATCTGTCGGA	CXXC1	AAATCTGTC	Q9P0U4
GCGCGGAAAGTT	SMARCAL1	GCGCGGAAA	Q9NZC9
ACGAATGTGACT	HP1BP3	ACGAATGTG	Q5SSJ5
GTGGAAGGTATA	MTERF3	GTGGAAGGT	Q96E29
GTTACGACGATT	ZBTB7B	GTTACGACG	O15156
GTACGTTCCGAC	THAP4	GTACGTTCC	Q8WY91
ACGTAGTGGCTT	PHF20L1	ACGTAGTGG	A8MW92
AAGGGCTTCGGC	ZNF706	AAGGGCTTC	Q9Y5V0
AGGGATAATATG	RLIM	AGGGATAAT	Q9NVW2
GTAGAGTCTCAC	ING4	GTAGAGTCT	Q9UNL4
GCCGTCAGTAAA	ZNF580	GCCGTCAGT	Q9UK33
ATCGAAACGCTG	ZNF639	ATCGAAACG	Q9UID6
ATTAGTCTCCTT	ZNF219	ATTAGTCTC	Q9P2Y4
GGCAAGCCACAG	PHF20	GGCAAGCCA	Q9BVI0
GCATGTCCTCTA	KLF3	GCATGTCCT	P57682
ATTCGCTTTGTG	PHF21A	ATTCGCTTT	Q96BD5
GCCGATACTGTC	WAC	GCCGATACT	Q9BTA9
GCCATCTGCAAG	ZBTB7A	GCCATCTGC	O95365
GTGGCCGAACAC	UBR5	GTGGCCGAA	O95071
ATATTACCGGAC	UCHL5	ATATTACCG	Q9Y5K5
ATGTGTTACGCT	PRKAG2	ATGTGTTAC	Q9UGJ0
AGCCGGTGTCGA	SFMBT1	AGCCGGTGT	Q9UHJ3
GACCACTGAGAA	CXXC5	GACCACTGA	Q7LFL8
AGCCGCTAGCAC	ZNF581	AGCCGCTAG	Q9P0T4
GGTTCAGCGAGA	SIRT7	GGTTCAGCG	Q9NRC8
ACCTCTGAGCCG	SIRT6	ACCTCTGAG	Q8N6T7
AGACGCCGATAC	MBIP	AGACGCCGA	Q9NS73
GAGGCGCTATTA	HDAC7	GAGGCGCTA	Q8WUI4
ATCTTGGCCAGG	TRIM33	ATCTTGGCC	Q9UPN9
GATGCCAGACAA	TAF9B	GATGCCAGA	Q9HBM6
ATAGGGTACATA	KLF13	ATAGGGTAC	Q9Y2Y9
GCTGCTTGCTAC	UIMC1	GCTGCTTGC	Q96RL1
GACCATAATTGC	ARID4B	GACCATAAT	Q4LE39
ACGCGTACTAAG	RSF1	ACGCGTACT	Q96T23
GACTTCGGAACG	KDM3B	GACTTCGGA	Q7LBC6
ATTAGGGAATTC	MBD3	ATTAGGGAA	O95983
ACACTCCGTTCA	BRWD1	ACACTCCGT	Q9NSI6
GTCTTAGAAGTG	POLE3	GTCTTAGAA	Q9NRF9
GACGATGTCGTT	CHRAC1	GACGATGTC	Q9NRG0
AACAAATGGGCG	PRMT7	AACAAATGG	Q9NVM4
GCAGAGCTCTCA	FBXL19	GCAGAGCTC	Q6PCT2
ATATGCTTCAAC	PDP1	ATATGCTTC	Q9P0J1
GCGTACCATCAC	MPHOSPH8	GCGTACCAT	Q99549
ACCCTGTTATTC	MBTD1	ACCCTGTTA	Q05BQ5
AGGCTAGAAGTA	ZNF562	AGGCTAGAA	Q6V9R5
AATCTACTGTCA	GATAD2A	AATCTACTG	Q86YP4
GTGGTCGCTAGC	CC2D1A	GTGGTCGCT	Q6P1N0
GCCCTGTACACC	BCOR	GCCCTGTAC	Q6W2J9
ATTTGTAGCCAG	ZSCAN32	ATTTGTAGC	Q9NX65
AATAGTTGCCTC	CHCHD3	AATAGTTGC	Q9NX63
AGGTATTCAGTG	ZNF770	AGGTATTCA	Q6IQ21
GGACTAACGTCG	PHIP	GGACTAACG	Q8WWQ0
AGAATACTGCTC	ANKZF1	AGAATACTG	Q9H8Y5
GAGCGTGTAGCT	UBR7	GAGCGTGTA	Q8N806
ACGATCACCGTT	MSL2	ACGATCACC	Q9HCI7
GCCAGAGTGGCT	PRMT6	GCCAGAGTG	Q96LA8
AATGGCACAGAA	PBRM1	AATGGCACA	Q86U86
AACTCTTCTAGT	ZNF532	AACTCTTCT	Q9HCE3
GATAACGCTCCC	SETD5	GATAACGCT	Q9C0A6
ATCCATTCGGAC	ASXL2	ATCCATTCG	Q76L83
ATGATCCCGTTC	PHF10	ATGATCCCG	Q8WUB8
GGGTGCAGTATC	ZNF444	GGGTGCAGT	Q8N0Y2
GACCATTTGTCA	SOX6	GACCATTTG	P35712
ATTCTGTGTGCC	ZNF692	ATTCTGTGT	Q9BU19
GGAGACTAGATC	HIF1AN	GGAGACTAG	Q9NWT6
AACTATAGCCTG	ZNF446	AACTATAGC	Q9NWS9
AGATAAAGGAGG	ASF1B	AGATAAAGG	Q9NVP2
GTCTGTGTTCCT	ATF7IP	GTCTGTGTT	Q6VMQ6
ATTGAGGCCTTC	ZFP64	ATTGAGGCC	Q9NTW7
AGTTTCGATTTG	RCOR3	AGTTTCGAT	Q9P2K3
GATATGCATCAG	TRERF1	GATATGCAT	Q96PN7
ATAAGGGCTTAA	FOXJ2	ATAAGGGCT	Q9P0K8
GACACTGCGTAG	KDM3A	GACACTGCG	Q9Y4C1
GTATGATAGACC	HDAC8	GTATGATAG	Q9BY41
AAGACTCAACCT	ASH1L	AAGACTCAA	Q9NR48
AATCGTCGGCGA	PBK	AATCGTCGG	Q96KB5
GCGTCGTTCGTG	WSB2	GCGTCGTTC	Q9NYS7
GCTCCGTGTTGA	MYNN	GCTCCGTGT	Q9NPC7
ATAAGGCGACTT	ZNF395	ATAAGGCGA	Q9H8N7
AGAATTGAGAAC	ZNF302	AGAATTGAG	Q9NR11
GGCTGAGTCATG	KMT2E	GGCTGAGTC	Q8IZD2
GTAAACCTTCAG	SLC2A4RG	GTAAACCTT	Q9NR83
ACGGTCCCTCAC	SMARCAD1	ACGGTCCCT	Q9H4L7
GTTAACTGCGCG	MEIS3	GTTAACTGC	Q99687
GTTTGCCAGCAG	BMAL2	GTTTGCCAG	Q8WYA1
AATAGTCCAAAG	SMYD2	AATAGTCCA	Q9NRG4
GCTCTTATTGAA	ATXN7L3	GCTCTTATT	Q14CW9
AATAACACCTCG	BBX	AATAACACC	Q8WY36
AACGACCTCGCG	REXO4	AACGACCTC	Q9GZR2
GAGTGTACCTTG	ACTR3B	GAGTGTACC	Q9P1U1
AGCAGAACGGCG	ZNF286A	AGCAGAACG	Q9HBT8
GGAACAAGGACA	GATAD2B	GGAACAAGG	Q8WXI9
ACCGCGGAATGG	ZNF512B	ACCGCGGAA	Q96KM6
ACAGAAGATGAT	PRR12	ACAGAAGAT	Q9ULL5
GTGATGAGGTTG	ARID1B	GTGATGAGG	Q8NFD5
AGGCCTTGCACG	MTA3	AGGCCTTGC	Q9BTC8
AACCTCTCATCC	ZBTB2	AACCTCTCA	Q8N680
GCACGCAACCTG	POGK	GCACGCAAC	Q9P215
ACACTTATGTCG	ZBTB4	ACACTTATG	Q9P1Z0
GGCCTGTTGGCT	FBRSL1	GGCCTGTTG	Q9HCM7
GAGGACCGACTC	ZNF317	GAGGACCGA	Q96PQ6
ACTTCGGGCCTT	GATAD1	ACTTCGGGC	Q8WUU5
AAAGCAATGTGC	HES4	AAAGCAATG	Q9HCC6
ACGCAGGGAAAG	ZNF410	ACGCAGGGA	Q86VK4
GGCTTTCCCGTG	CREBZF	GGCTTTCCC	Q9NS37
ATGGTAGCCCTA	KMT2C	ATGGTAGCC	Q8NEZ4
GAAGAGCCAAGG	WIZ	GAAGAGCCA	O95785
GTTCCATTCCTC	GPBP1L1	GTTCCATTC	Q9HC44
GATACTCGTTGA	TGIF2	GATACTCGT	Q9GZN2
ATCGTATCTTCC	RBSN	ATCGTATCT	Q9H1K0
GCCGTTCACGAT	DNAJC1	GCCGTTCAC	Q96KC8
AATTGAACGTCC	FBRS	AATTGAACG	Q9HAH7
GTCGTGGAGTCA	SOX17	GTCGTGGAG	Q9H6I2
AGATTAGGATCT	NSD1	AGATTAGGA	Q96L73
ATTTACGGAAGC	IKZF5	ATTTACGGA	Q9H5V7
GGCGCTAACTCT	GZF1	GGCGCTAAC	Q9H116
ATGCGTGGCTAC	SMYD3	ATGCGTGGC	Q9H7B4
GCTCCCATACCC	CREB3L2	GCTCCCATA	Q70SY1
ACTGAGATTGAC	MEAF6	ACTGAGATT	Q9HAF1
ATCTTGCAACCA	GPBP1	ATCTTGCAA	Q86WP2
GCGAGTGGTCTT	BRD9	GCGAGTGGT	Q9H8M2
ACCCACTTCTGA	PRR14	ACCCACTTC	Q9BWN1
GATTACTAGCAC	DDX50	GATTACTAG	Q9BQ39
GAGATAGGGATT	ZNF655	GAGATAGGG	Q8N720
GAAGGGAGGCTG	ZNF576	GAAGGGAGG	Q9H609
ATCAGGAGGCGC	BRCC3	ATCAGGAGG	P46736
AAACATGACAGG	ZXDC	AAACATGAC	Q2QGD7
ATGATGATCCTG	BHLHE41	ATGATGATC	Q9C0J9
ATAACTGGCCAG	PAGR1	ATAACTGGC	Q9BTK6
GCTGTCGCAGTA	SAP130	GCTGTCGCA	Q9H0E3
ACCCGATATCCG	SAP30L	ACCCGATAT	Q9HAJ7
GTGACTGTTGAG	ZNF322	GTGACTGTT	Q6U7Q0
ATGAATGCTCAT	TBL1XR1	ATGAATGCT	Q9BZK7
AACCCTTAAACT	SUV39H2	AACCCTTAA	Q9H5I1
ACCCTTAGTACC	ZNF768	ACCCTTAGT	Q9H5H4
GTATACGAAACC	E2F8	GTATACGAA	A0AVK6
AGATTCCAATGG	ZNF419	AGATTCCAA	Q96HQ0
ATGTTTGGACTA	ZNF408	ATGTTTGGA	Q9H9D4
AATCGAAGACAT	EHMT1	AATCGAAGA	Q9H9B1
ATGTTCTCAGGT	ZNF552	ATGTTCTCA	Q9H707
AATCGTGATGGG	HDAC11	AATCGTGAT	Q96DB2
GGTTAAGAAGCA	ZNF672	GGTTAAGAA	Q499Z4
AACAGCTCGTAG	NAA60	AACAGCTCG	Q9H7X0
AACCACGTAAAT	ACTR5	AACCACGTA	Q9H9F9
ACCGCCACTATG	SETD6	ACCGCCACT	Q8TBK2
AATACCTTCCTG	JADE1	AATACCTTC	Q6IE81
ATAATGTGGTTG	GRHL2	ATAATGTGG	Q6ISB3
AGCTTCGCGGAC	PHC3	AGCTTCGCG	Q8NDX5
ATACGTAGTCGA	ZNF703	ATACGTAGT	Q9H7S9
GTCTTCAGGGCG	CHD9	GTCTTCAGG	Q3L8U1
ATCCTGAGAGTT	MTERF2	ATCCTGAGA	Q49AM1
GCTCACTTGGTC	EPC1	GCTCACTTG	Q9H2F5
ATGGCGCAGCTC	THAP7	ATGGCGCAG	Q9BT49
ACATGTTAGTGT	ZFP91	ACATGTTAG	Q96JP5
AGTGGGTTTCAC	SETD7	AGTGGGTTT	Q8WTS6
GCGTTGCAACAC	TDRD3	GCGTTGCAA	Q9H7E2
ACCGTAGCGAAG	CSRNP2	ACCGTAGCG	Q9H175
GATCATCGACTC	ANP32E	GATCATCGA	Q9BTT0
ATGGAGATAAGG	INO80B	ATGGAGATA	Q9C086
GGCGTTTGTGGA	MXD3	GGCGTTTGT	Q9BW11
AAGAGCTATCGT	L3MBTL2	AAGAGCTAT	Q969R5
ACTTGGAACGCT	KLF16	ACTTGGAAC	Q9BXK1
AGCTATATGCAA	HDAC10	AGCTATATG	Q969S8
GACTGTGGCTAC	PCGF6	GACTGTGGC	Q9BYE7
GTGGCACATGAA	ZNF394	GTGGCACAT	Q53GI3
AACAATCTGAGG	ZNF644	AACAATCTG	Q9H582
ACCGATAACAGC	CHD6	ACCGATAAC	Q8TD26
GAACTTACTAAG	SETD3	GAACTTACT	Q86TU7
AGGATCAGGTCC	FLYWCH1	AGGATCAGG	Q4VC44
AATTCTCGACCG	ING5	AATTCTCGA	Q8WYH8
GTAAATGCAACC	ZNF397	GTAAATGCA	Q8NF99
ACCGAGTAGTAT	BRMS1L	ACCGAGTAG	Q5PSV4
GTTGCTCTTCCC	ZNF414	GTTGCTCTT	Q96IQ9
GCCACTCCTGAA	PCGF5	GCCACTCCT	Q86SE9
ACCATTCAATCG	MSANTD4	ACCATTCAA	Q8NCY6
GCACAGATTTCG	DOT1L	GCACAGATT	Q8TEK3
ATGTACAGGCCA	ZNF512	ATGTACAGG	Q96ME7
AGTAGGAATCTA	LCOR	AGTAGGAAT	Q96JN0
GGATCGTCCTGA	ZGPAT	GGATCGTCC	Q8N5A5
AAGGCCCACGCT	GLYR1	AAGGCCCAC	Q49A26
GTTCGGGTGTAA	DPY30	GTTCGGGTG	Q9C005
GTCGCTTGACTC	GLIS2	GTCGCTTGA	Q9BZE0
AGCAAGTAAACA	PCGF1	AGCAAGTAA	Q9BSM1
AAGCCTAGATCT	ZNF496	AAGCCTAGA	Q96IT1
AGTCTCTTAGGT	ZNF514	AGTCTCTTA	Q96K75
ACGTTTAAGAGG	ZBTB45	ACGTTTAAG	Q96K62
GTTAAGGTAGTA	ZNF587	GTTAAGGTA	Q96SQ5
ATAAACCACCTC	FIZ1	ATAAACCAC	Q96SL8
GAGCATTCCCAA	ZNF766	GAGCATTCC	Q5HY98
AGATATCCCTTC	THAP3	AGATATCCC	Q8WTV1
GCCAATGGGCCA	ZNF251	GCCAATGGG	Q9BRH9
AGGCTGCCATAA	MSANTD3	AGGCTGCCA	Q96H12
ACGCTAAGAGCT	NEK9	ACGCTAAGA	Q8TD19
AGTGCCCTCTCT	ZNF276	AGTGCCCTC	Q8N554
ATACCCGAGATA	ZNF561	ATACCCGAG	Q8N587
GTTGGCTCACAA	SP140L	GTTGGCTCA	Q9H930
AGCCCGCAATTG	TADA2B	AGCCCGCAA	Q86TJ2
GTTCACACCTAC	ZNF101	GTTCACACC	Q8IZC7
GGAGTCCGATGG	FOXQ1	GGAGTCCGA	Q9C009
AAGGGCGGTAGC	GLMP	AAGGGCGGT	Q8WWB7
GGCCGAACAATT	MBD6	GGCCGAACA	Q96DN6
GCTCGTTGGTCT	MYSM1	GCTCGTTGG	Q5VVJ2
GATAGGATAGCG	UHRF2	GATAGGATA	Q96PU4
AGCCCGTTCAAT	BATF2	AGCCCGTTC	Q8N1L9
AACGTTCCACTG	DNTTIP1	AACGTTCCA	Q9H147
AAGTCGAGGATC	FOXP4	AAGTCGAGG	Q8IVH2
AGCTTTAGATCA	TADA1	AGCTTTAGA	Q96BN2
ACACAGCACGAC	TWIST2	ACACAGCAC	Q8WVJ9
ATGTCTCGCGCA	ZNF354B	ATGTCTCGC	Q96LW1
GAGAACGACACT	ZNF511	GAGAACGAC	Q8NB15
ATGTCCGTGCTT	AEBP2	ATGTCCGTG	Q6ZN18
AATACGCTGTGT	JDP2	AATACGCTG	Q8WYK2
ACCGGCGATCAA	LEO1	ACCGGCGAT	Q8WVC0
ACATGGTCCGCA	C17orf49	ACATGGTCC	Q8IXM2
GGGACAGTGACC	INO80C	GGGACAGTG	Q6PI98
ATGTCCCATGTT	ZNF787	ATGTCCCAT	Q6DD87
ACTGGATCGTAT	ZNF428	ACTGGATCG	Q96B54
ACTTGTTCTTCT	ZNF684	ACTTGTTCT	Q5T5D7
AAGACAGAGGGC	KLF17	AAGACAGAG	Q5JT82
ACCCAACCCTGG	TYW5	ACCCAACCC	A2RUC4
ATGATCTGTCCC	ZNF513	ATGATCTGT	Q8N8E2
GAAAGTCCCGCG	MTERF4	GAAAGTCCC	Q7Z6M4
ATTTGACCCGGA	LIN54	ATTTGACCC	Q6MZP7
GTCTGCTAAGTA	KLF14	GTCTGCTAA	Q8TD94
GAGTAGATGCGG	NACC2	GAGTAGATG	Q96BF6
GGCCTAAATTCA	ZNF358	GGCCTAAAT	Q9NW07
AGACTGAGGAAG	ZNF664	AGACTGAGG	Q8N3J9
GTATTCCCACCG	E2F7	GTATTCCCA	Q96AV8
ACCCTCACGAGC	ZSCAN29	ACCCTCACG	Q8IWY8
ACAAACGAAGGG	ZFP90	ACAAACGAA	Q8TF47
GACGGAACCTGA	ZNF688	GACGGAACC	P0C7X2
GTTAGACTAAAG	ZNF480	GTTAGACTA	Q8WV37
AATGCGGGTCAA	ZNF524	AATGCGGGT	Q96C55
ACGCTTTCACCG	CREB3L4	ACGCTTTCA	Q8TEY5
GCTTTGGTAGTT	PHF13	GCTTTGGTA	Q86YI8
GCTTGTAAAGTA	ZNF362	GCTTGTAAA	Q5T0B9
GTCGAGACACCA	DTX3L	GTCGAGACA	Q8TDB6
GAGGAGAATTGT	NFXL1	GAGGAGAAT	Q6ZNB6
GCATGTGGAAAT	THAP6	GCATGTGGA	Q8TBB0
GCAACCGGATGT	ZNF746	GCAACCGGA	Q6NUN9
AGCAGATTTAGC	ZNF550	AGCAGATTT	Q7Z398
GGTCAGACTGAC	ZNF579	GGTCAGACT	Q8NAF0
GGCCAGAAGCAC	ZNF791	GGCCAGAAG	Q3KP31
ATGGGATTGTGC	ZNF114	ATGGGATTG	Q8NC26
GAACTAAACACG	EID2	GAACTAAAC	Q8N6I1
AAACAGCGGACC	TIGD2	AAACAGCGG	Q4W5G0
ACCTGCAAATAA	ZNF92	ACCTGCAAA	Q03936
ATGGGACGATGT	THAP5	ATGGGACGA	Q7Z6K1
AGCATAAGTTTG	ZNF800	AGCATAAGT	Q2TB10
AGTCCTAAACAT	ZNF431	AGTCCTAAA	Q8TF32
AGAGTGAAATCA	ZNF721	AGAGTGAAA	Q8TF20
AAGGTTTGATGA	ZNF384	AAGGTTTGA	Q8TF68
GCTAACTATTCG	ASXL1	GCTAACTAT	Q8IXJ9
AGTTAGTAGAGA	ZNF367	AGTTAGTAG	Q7RTV3
ATAACCCTGCGG	ARID2	ATAACCCTG	Q68CP9
ACCTCACACTAC	ZNF48	ACCTCACAC	Q96MX3
AGTCGGATAACG	CENPX	AGTCGGATA	A8MT69
ATAACCAGACCC	ZNF584	ATAACCAGA	Q8IVC4
GGACGATAATGT	NAIF1	GGACGATAA	Q69YI7
AAGTATCAGCGT	USP12	AAGTATCAG	O75317
ACTCTGCTCTGG	JMJD1C	ACTCTGCTC	Q15652
AGCCAATGCCTT	ZBTB9	AGCCAATGC	Q96C00
AACCCTATGCAC	ZSCAN25	AACCCTATG	Q6NSZ9
AGGCTCGCTACA	FOXK1	AGGCTCGCT	P85037
AATCCAGCGTTA	LRWD1	AATCCAGCG	Q9UFC0
GTTTGGACAAAT	ZBTB38	GTTTGGACA	Q8NAP3
AAACTTCGCTTA	ZNF740	AAACTTCGC	Q8NDX6
AGAGTGGTTGTC	CHAMP1	AGAGTGGTT	Q96JM3
ACCAAACTTGAT	INO80E	ACCAAACTT	Q8NBZ0
AGTTGGCAAGGC	ZNF776	AGTTGGCAA	Q68DI1
ATCCTCCGGTCA	ZNF780A	ATCCTCCGG	O75290
GCACTGTCAAGG	ZNF326	GCACTGTCA	Q5BKZ1
GACTGACAATCG	ZNF621	GACTGACAA	Q6ZSS3
GACAGTCGGGAC	FAM200B	GACAGTCGG	P0CF97
AGGGAGGCAAAT	ZNF789	AGGGAGGCA	Q5FWF6
GTTTAGCTGCTG	ZNF707	GTTTAGCTG	Q96C28
AGTGAATTCAAC	ZFP41	AGTGAATTC	Q8N8Y5
GGACTGCCTTCG	MSL1	GGACTGCCT	Q68DK7
GAGACCCTCTCT	ZNF260	GAGACCCTC	Q3ZCT1
AAACTATGGATC	ZNF710	AAACTATGG	Q8N1W2
GTAATCCGCGGT	ZNF749	GTAATCCGC	O43361
ATAGATGAGGGT	MAFA	ATAGATGAG	Q8NHW3
AGCTCATCCGCT	ZFP62	AGCTCATCC	Q8NB50
ATCTTCTGCCAA	ZNF783	ATCTTCTGC	Q6ZMS7
AGTTCGTGAATA		AGTTCGTGA	
GACTCATGGCGC		GACTCATGG	
ATCGCCAGGATA		ATCGCCAGG	
ATCTGATGGCAC		ATCTGATGG	
AGCACTCTCACG		AGCACTCTC	
GTTGAAAGAGCG		GTTGAAAGA	
GAAATCTCAAGT		GAAATCTCA	
AGCCGAGGATAG		AGCCGAGGA	
GACCCGAGTCAT		GACCCGAGT	
AGTACAGTTGTG		AGTACAGTT	
GACAGTTCTAGC		GACAGTTCT	
GGTCCAACCTAT		GGTCCAACC	
ATTCGATACAGT		ATTCGATAC	
AAACATCCTATG		AAACATCCT	
GCTATGTTTGGA		GCTATGTTT	
ATTATGCAGTTC		ATTATGCAG	
GACACCCGATGA		GACACCCGA	
AAGTCACCTATA		AAGTCACCT	
GTTGCCGTGATG		GTTGCCGTG	
GCAGAATGGGAT		GCAGAATGG	
GCTCGAACGATC		GCTCGAACG	
AGCGTCAACACT		AGCGTCAAC	
GTCCGAGTACTA		GTCCGAGTA	
GACATCACTCAT		GACATCACT	
AAGGTACTAGTC		AAGGTACTA	
GCGACTATGCCA		GCGACTATG	
ATTCAGCTAGAC		ATTCAGCTA	
AGCTGGTTAGTA		AGCTGGTTA	
GTCGACTGGTTC		GTCGACTGG	
AAGTACAACGGC		AAGTACAAC	
AAATACGAGCGG	nontargeting_AAATACGAG	AAATACGAG	NON_TARGETING_CONTROL
ACACGAACCTGA	nontargeting_ACACGAACC	ACACGAACC	NON_TARGETING_CONTROL
AGGACATCAATG	nontargeting_AGGACATCA	AGGACATCA	NON_TARGETING_CONTROL
GTCAAACCCTCG	nontargeting_GTCAAACCC	GTCAAACCC	NON_TARGETING_CONTROL
AAGTGAGATTGG	nontargeting_AAGTGAGAT	AAGTGAGAT	NON_TARGETING_CONTROL
GGTTACCGGACA	nontargeting_GGTTACCGG	GGTTACCGG	NON_TARGETING_CONTROL
ATCGCTGCAGTA	nontargeting_ATCGCTGCA	ATCGCTGCA	NON_TARGETING_CONTROL
ATATCTCCTAGT	nontargeting_ATATCTCCT	ATATCTCCT	NON_TARGETING_CONTROL
GAGTATGAATCA	nontargeting_GAGTATGAA	GAGTATGAA	NON_TARGETING_CONTROL
ATCCGGAATAGA	nontargeting_ATCCGGAAT	ATCCGGAAT	NON_TARGETING_CONTROL
AGAAACTTCGCG	nontargeting_AGAAACTTC	AGAAACTTC	NON_TARGETING_CONTROL
ATTTAGACGGCT	nontargeting_ATTTAGACG	ATTTAGACG	NON_TARGETING_CONTROL
AATGCATCTGTG	nontargeting_AATGCATCT	AATGCATCT	NON_TARGETING_CONTROL
ATTTCTCTGTGG	nontargeting_ATTTCTCTG	ATTTCTCTG	NON_TARGETING_CONTROL
AAGTATGCCCGG	nontargeting_AAGTATGCC	AAGTATGCC	NON_TARGETING_CONTROL
GCGAAGTCCCTC	nontargeting_GCGAAGTCC	GCGAAGTCC	NON_TARGETING_CONTROL
GTTTATCACGTA	nontargeting_GTTTATCAC	GTTTATCAC	NON_TARGETING_CONTROL
AGTTTGCGCGAA	nontargeting_AGTTTGCGC	AGTTTGCGC	NON_TARGETING_CONTROL
ATAGACCCACTT	nontargeting_ATAGACCCA	ATAGACCCA	NON_TARGETING_CONTROL
GGTCATGTACAT	nontargeting_GGTCATGTA	GGTCATGTA	NON_TARGETING_CONTROL
ACCACCCTAATT	nontargeting_ACCACCCTA	ACCACCCTA	NON_TARGETING_CONTROL
ATCATCATGACT	nontargeting_ATCATCATG	ATCATCATG	NON_TARGETING_CONTROL
AGGATATAGAGT	nontargeting_AGGATATAG	AGGATATAG	NON_TARGETING_CONTROL
GTATGTCAAGCT	nontargeting_GTATGTCAA	GTATGTCAA	NON_TARGETING_CONTROL
GTTAACCAATCA	nontargeting_GTTAACCAA	GTTAACCAA	NON_TARGETING_CONTROL
AGTGTACTTCGG	nontargeting_AGTGTACTT	AGTGTACTT	NON_TARGETING_CONTROL
ACGGGTTGTTTA	nontargeting_ACGGGTTGT	ACGGGTTGT	NON_TARGETING_CONTROL
GAATCCATCGGT	nontargeting_GAATCCATC	GAATCCATC	NON_TARGETING_CONTROL
GAATAGTACAAC	nontargeting_GAATAGTAC	GAATAGTAC	NON_TARGETING_CONTROL
AGCGAGCCTAGC	nontargeting_AGCGAGCCT	AGCGAGCCT	NON_TARGETING_CONTROL
AGCATGACAGTC	nontargeting_AGCATGACA	AGCATGACA	NON_TARGETING_CONTROL
GAGCAGGCAAAT	nontargeting_GAGCAGGCA	GAGCAGGCA	NON_TARGETING_CONTROL
AGAGTTTCTAAC	nontargeting_AGAGTTTCT	AGAGTTTCT	NON_TARGETING_CONTROL
ATTAGCACTCGA	nontargeting_ATTAGCACT	ATTAGCACT	NON_TARGETING_CONTROL
AAACACTTGCAC	nontargeting_AAACACTTG	AAACACTTG	NON_TARGETING_CONTROL
GCCATAACGAGC	nontargeting_GCCATAACG	GCCATAACG	NON_TARGETING_CONTROL
ATTGTAGGGCGA	nontargeting_ATTGTAGGG	ATTGTAGGG	NON_TARGETING_CONTROL
GACGTCAAATTG	nontargeting_GACGTCAAA	GACGTCAAA	NON_TARGETING_CONTROL
AAGCGGTTTGCC	nontargeting_AAGCGGTTT	AAGCGGTTT	NON_TARGETING_CONTROL
ATACACGCCCGC	nontargeting_ATACACGCC	ATACACGCC	NON_TARGETING_CONTROL
AGCTAGGGTCCG	nontargeting_AGCTAGGGT	AGCTAGGGT	NON_TARGETING_CONTROL
GGGACTTGTATA	nontargeting_GGGACTTGT	GGGACTTGT	NON_TARGETING_CONTROL
AGCAACGTGCTA	nontargeting_AGCAACGTG	AGCAACGTG	NON_TARGETING_CONTROL
GTTGGGTTCCAA	nontargeting_GTTGGGTTC	GTTGGGTTC	NON_TARGETING_CONTROL
AGTAGACAGTTA	nontargeting_AGTAGACAG	AGTAGACAG	NON_TARGETING_CONTROL
GTACACCGGCGA	nontargeting_GTACACCGG	GTACACCGG	NON_TARGETING_CONTROL
AACACCATTTCG	nontargeting_AACACCATT	AACACCATT	NON_TARGETING_CONTROL
AGTATAGCGTAC	nontargeting_AGTATAGCG	AGTATAGCG	NON_TARGETING_CONTROL
AGCACCTGACCC	nontargeting_AGCACCTGA	AGCACCTGA	NON_TARGETING_CONTROL
GTGTTGTGATCC	nontargeting_GTGTTGTGA	GTGTTGTGA	NON_TARGETING_CONTROL
GATAGAAAGTGA	nontargeting_GATAGAAAG	GATAGAAAG	NON_TARGETING_CONTROL
AACTCGTACTCG	nontargeting_AACTCGTAC	AACTCGTAC	NON_TARGETING_CONTROL
ACCCTAAACAAA	nontargeting_ACCCTAAAC	ACCCTAAAC	NON_TARGETING_CONTROL
ACTCACTAACGG	nontargeting_ACTCACTAA	ACTCACTAA	NON_TARGETING_CONTROL
ACCCTCGAATTA	nontargeting_ACCCTCGAA	ACCCTCGAA	NON_TARGETING_CONTROL
ATAGGCAAGCAT	nontargeting_ATAGGCAAG	ATAGGCAAG	NON_TARGETING_CONTROL
GAGTAACTCAGC	nontargeting_GAGTAACTC	GAGTAACTC	NON_TARGETING_CONTROL
GATTGCGGGCAG	nontargeting_GATTGCGGG	GATTGCGGG	NON_TARGETING_CONTROL
ATGGCTATTGGT	nontargeting_ATGGCTATT	ATGGCTATT	NON_TARGETING_CONTROL
AAACGTTGACCG	nontargeting_AAACGTTGA	AAACGTTGA	NON_TARGETING_CONTROL
ATGGGTAAAGGT	nontargeting_ATGGGTAAA	ATGGGTAAA	NON_TARGETING_CONTROL
ATCAACTCTTGC	nontargeting_ATCAACTCT	ATCAACTCT	NON_TARGETING_CONTROL
GCTTTGAATCTA	nontargeting_GCTTTGAAT	GCTTTGAAT	NON_TARGETING_CONTROL
AAATTCAGGCCC	nontargeting_AAATTCAGG	AAATTCAGG	NON_TARGETING_CONTROL
GACCGCTTCGCT	nontargeting_GACCGCTTC	GACCGCTTC	NON_TARGETING_CONTROL
AAGCTGTAACTG	nontargeting_AAGCTGTAA	AAGCTGTAA	NON_TARGETING_CONTROL
GGGTTATTCTCC	nontargeting_GGGTTATTC	GGGTTATTC	NON_TARGETING_CONTROL
GATGAACGGCGA	nontargeting_GATGAACGG	GATGAACGG	NON_TARGETING_CONTROL
ACGGATTTAAGG	nontargeting_ACGGATTTA	ACGGATTTA	NON_TARGETING_CONTROL
ACATTCGTATAC	nontargeting_ACATTCGTA	ACATTCGTA	NON_TARGETING_CONTROL
AAAGACGCTTGA	nontargeting_AAAGACGCT	AAAGACGCT	NON_TARGETING_CONTROL
GCAGAAACCTTC	nontargeting_GCAGAAACC	GCAGAAACC	NON_TARGETING_CONTROL
GAAGTTTAGCAT	nontargeting_GAAGTTTAG	GAAGTTTAG	NON_TARGETING_CONTROL
ACAGCCTTAGAG	nontargeting_ACAGCCTTA	ACAGCCTTA	NON_TARGETING_CONTROL
GAGTCCCAGCAT	nontargeting_GAGTCCCAG	GAGTCCCAG	NON_TARGETING_CONTROL
AAAGCAGAAGGG	nontargeting_AAAGCAGAA	AAAGCAGAA	NON_TARGETING_CONTROL
AGCGGTACATGA	nontargeting_AGCGGTACA	AGCGGTACA	NON_TARGETING_CONTROL
ATTCTCCCACAG	nontargeting_ATTCTCCCA	ATTCTCCCA	NON_TARGETING_CONTROL
GACTCTGTAAGC	nontargeting_GACTCTGTA	GACTCTGTA	NON_TARGETING_CONTROL
AGGCCACAGTCG	nontargeting_AGGCCACAG	AGGCCACAG	NON_TARGETING_CONTROL
GCACTCTAGCGC	nontargeting_GCACTCTAG	GCACTCTAG	NON_TARGETING_CONTROL
GAAGGTAAACGT	nontargeting_GAAGGTAAA	GAAGGTAAA	NON_TARGETING_CONTROL
AGTTACCACAGA	nontargeting_AGTTACCAC	AGTTACCAC	NON_TARGETING_CONTROL
GCGACCTAAGTT	nontargeting_GCGACCTAA	GCGACCTAA	NON_TARGETING_CONTROL
AGCGACAGAACT	nontargeting_AGCGACAGA	AGCGACAGA	NON_TARGETING_CONTROL
AGCCTTGTAACG	nontargeting_AGCCTTGTA	AGCCTTGTA	NON_TARGETING_CONTROL
GTACAGGCGCAA	nontargeting_GTACAGGCG	GTACAGGCG	NON_TARGETING_CONTROL
ATCAGCCAACTA	nontargeting_ATCAGCCAA	ATCAGCCAA	NON_TARGETING_CONTROL
AGGAACAAACAA	nontargeting_AGGAACAAA	AGGAACAAA	NON_TARGETING_CONTROL
ATGAGGTCGATC	nontargeting_ATGAGGTCG	ATGAGGTCG	NON_TARGETING_CONTROL
GTGCCATGGCAC	nontargeting_GTGCCATGG	GTGCCATGG	NON_TARGETING_CONTROL
ATATGAGCACCA	nontargeting_ATATGAGCA	ATATGAGCA	NON_TARGETING_CONTROL
AGTCGTCCCACC	nontargeting_AGTCGTCCC	AGTCGTCCC	NON_TARGETING_CONTROL
AGCCTTTGGATT	nontargeting_AGCCTTTGG	AGCCTTTGG	NON_TARGETING_CONTROL
GAGGGCACTTGA	nontargeting_GAGGGCACT	GAGGGCACT	NON_TARGETING_CONTROL
GACTTCCCGTTG	nontargeting_GACTTCCCG	GACTTCCCG	NON_TARGETING_CONTROL
ATAACCTCCTCT	nontargeting_ATAACCTCC	ATAACCTCC	NON_TARGETING_CONTROL
GTTAGGAGTATA	nontargeting_GTTAGGAGT	GTTAGGAGT	NON_TARGETING_CONTROL
ACGGACGACGGA	nontargeting_ACGGACGAC	ACGGACGAC	NON_TARGETING_CONTROL
AGGAAGTGCCTA	nontargeting_AGGAAGTGC	AGGAAGTGC	NON_TARGETING_CONTROL
